ux,uy
-1.207025498858299529e-03,-8.502063616567228505e-03
1.818779254832218403e-02,-2.024049069430136540e-03
-1.991659525303065073e-02,6.300252686300705611e-03
-1.984230952475707008e-02,-1.335977066531549929e-03
6.812732882876160363e-03,-5.646290685664205958e-03
-1.169763430816816649e-02,-5.627618915551472556e-04
2.113742204270090824e-02,4.337539291662710975e-03
-1.981641583414613453e-02,6.184852923264544909e-03
-1.406394930193903027e-02,-3.244954967906610202e-04
-4.309963963686072770e-03,5.949435699837851178e-03
4.228982035401897613e-03,9.373903137056313617e-03
-1.561624143305914703e-02,3.171671854097839367e-03
-1.763139106414321521e-03,-7.206072805907924594e-03
-2.208322623937299459e-02,0.000000000000000000e+00
1.003365196003211043e-03,1.047337389945169304e-02
4.820180229075350133e-03,8.733850003075057170e-03
-1.051318822802740915e-02,-2.914252905364379809e-03
3.729924011270360079e-02,-4.603588300890811436e-04
-5.852173174547775115e-03,9.788641254675073400e-03
1.404685383502164361e-02,1.469875991678527968e-03
-2.819404998668823339e-02,0.000000000000000000e+00
-1.933367557609895135e-02,-5.578560066937726181e-04
-1.505697730367410586e-02,-3.143345997309542755e-03
-1.355824820981950396e-02,-1.848126547680165716e-04
1.946891648395094850e-03,8.550065235400748295e-03
3.785921741980436545e-02,-2.945651745936657471e-04
2.934754566246791999e-02,-2.714222660222286206e-03
2.235510898831626330e-03,-1.024950980960651244e-02
-3.060524474958920688e-02,2.726840703209269367e-03
-3.727997059136690938e-02,2.687537261947093399e-04
-7.164770579120086948e-03,6.373981039622148362e-03
2.375900624760424532e-02,1.910132391615971788e-03
-1.562042065322774911e-02,-6.924392989143276318e-04
-1.751398649211612785e-02,-3.424813931693720080e-03
0.000000000000000000e+00,-4.828279720756856533e-03
1.574554114553085304e-02,6.198767900863245105e-03
-2.545701059953355341e-02,0.000000000000000000e+00
1.464563022906192023e-02,-5.601781452613129389e-03
6.781098789056599734e-03,9.360690217639895325e-03
-4.802012709173692460e-03,9.710903731489842552e-03
2.883431973562804521e-02,-1.228028610111036060e-03
-3.051009575176373036e-03,1.023963927805882947e-02
-1.375740818461246989e-02,4.418878293615954682e-03
1.782690439300779403e-02,-2.956965925040678806e-03
2.948074573785929714e-02,1.886312637768747496e-04
-2.240194740219966091e-02,-2.062240946624247645e-03
2.051073354668879467e-02,-9.846985063465092062e-04
2.106928574391491241e-02,0.000000000000000000e+00
-2.512026832867551851e-02,6.178875426418500892e-04
-3.055698298889658951e-02,-2.592487794707335185e-04
-1.346825831510024482e-02,0.000000000000000000e+00
2.857265210060919158e-02,1.458356779141801052e-03
-4.358266606549079589e-03,-6.313066803517637833e-03
-7.030638450252875427e-03,9.600094011032428432e-03
-1.039684231258653294e-02,8.507463193150039196e-03
3.332237459277645475e-02,-1.683161471738292385e-03
5.185209806046198189e-03,-9.683742568158662870e-03
1.759460247100025354e-02,5.815899223457427283e-03
3.073438010797121742e-02,-1.958628465974406865e-04
1.325195411145847768e-02,-9.295323679077044030e-03
-6.080037389772309855e-03,9.662619972740722069e-03
-2.082025823063553618e-02,1.213735502989666919e-03
1.786206398169105578e-02,-7.769696964841663576e-03
-3.659830536530180034e-02,0.000000000000000000e+00
-4.684762979778468728e-03,7.752177805323683460e-03
-3.036445139217555308e-02,1.359833746754671733e-03
3.106605565105720682e-02,3.802349841835769395e-04
0.000000000000000000e+00,-5.385250766198786988e-03
-5.422094025560107548e-04,-8.403664037991651417e-03
3.321904982742106965e-02,2.630893377963282233e-04
0.000000000000000000e+00,5.730696167714412204e-03
-2.038062633380866191e-03,1.030849738879083960e-02
-3.693563161857593008e-02,5.440795251425222879e-04
2.849632890036915209e-02,1.545259287307603488e-03
-2.657315914497625220e-02,0.000000000000000000e+00
3.543529720154890705e-02,0.000000000000000000e+00
1.109772596903837658e-02,-6.852243037699321145e-03
-1.466005052561533163e-02,-4.139779250392171088e-03
-8.444069677723290909e-03,-3.265035943700867783e-03
-1.912252311582355799e-02,-2.304071239655392303e-03
-9.639792376998664383e-03,8.166663351029663023e-03
-3.151851736204432097e-02,-2.981857138142928495e-04
0.000000000000000000e+00,1.062942938494130206e-02
0.000000000000000000e+00,7.573110088580533618e-03
6.819169602387363874e-03,8.456469195123267682e-03
1.409945390107088248e-02,2.733412013292851796e-03
2.698397953402024638e-02,1.987923951781014192e-03
-5.379824871528223786e-03,9.674391737035293107e-03
2.916198980330499471e-02,-3.245683802141192519e-03
-1.516353953716161745e-02,-3.083941955999043583e-03
2.498135419552646383e-02,-6.328696692499878812e-04
1.459385569812214015e-03,7.163088660791223569e-03
-1.478629667539580958e-02,-3.360974359431363225e-03
3.186632745691269503e-02,-8.957897440118188677e-04
-1.175202618562465849e-02,4.001981525974041172e-03
8.026075104516753461e-03,-1.028663276088735354e-02
2.949868303132151953e-02,-2.764950102573995264e-03
3.373882212131943878e-03,1.012455055466456033e-02
-1.010810999550195745e-02,-5.533444956839564388e-03
0.000000000000000000e+00,1.058058748124696830e-02
-2.521212307564382749e-02,-1.356508075818544127e-03
-4.228162310962365472e-02,0.000000000000000000e+00
2.806354554689554758e-03,-5.192484250241585948e-03
8.546362428585826607e-03,7.215822667855701505e-03
1.286655757313374254e-02,6.247293350398781288e-03
-9.023870288830575584e-03,-5.476537852042029884e-03
6.803639382784091097e-03,-9.256105611728356053e-03
1.238463221183111820e-02,-1.744478515801721041e-03
-3.248263522722122376e-02,6.241120510415003623e-04
-1.575371505306455769e-02,6.067715841628741093e-03
3.369645215044592829e-02,1.799576969841924594e-04
3.118377738757589085e-02,-9.695716496472857457e-04
2.288721214013450175e-02,0.000000000000000000e+00
-1.741216355110355649e-02,-3.426195802463997530e-03
-1.050626791275277539e-03,1.029885511838278533e-02
6.915826708443349909e-03,8.392121470577423165e-03
1.454515055124585253e-02,-5.620434865417823014e-03
2.970330279984692221e-02,7.173416933813526889e-04
-2.051667821093394392e-02,0.000000000000000000e+00
-2.760876192591955186e-04,-8.975358523449161741e-03
3.599034479330946029e-02,-7.484606207106772472e-04
-1.549398586411127911e-02,2.725047773778681293e-03
2.483691837816981093e-02,2.021279285606904837e-03
-2.349682261567588581e-02,-6.755417919261628729e-04
3.489969524874210471e-02,-6.947155579256601449e-04
1.910138234858830761e-03,1.001415193377985097e-02
0.000000000000000000e+00,-1.062842738231329145e-02
-2.638947774697422352e-02,0.000000000000000000e+00
2.929698724321267225e-02,-2.496472749936302308e-03
1.438858176811374547e-02,-4.967943144471502308e-03
-9.630561601450217044e-03,5.664695497183680484e-03
2.044190815365928490e-02,-6.269333954045199810e-03
1.596969472989828026e-02,-7.923882178677229410e-03
2.339471206605988479e-02,-2.454224635106278841e-03
1.228099623305140692e-02,-7.602384084515357611e-03
2.770414901065697266e-02,1.184649939509585656e-03
-3.292435880392590667e-03,1.004099377101356182e-02
5.810691873410980682e-04,1.052045885637152740e-02
-1.460886385749036488e-02,-1.857368368323623420e-03
-6.485875464510478146e-03,-2.653779588555156208e-03
2.337893452473896114e-02,1.949721219985337635e-03
-2.730011403535197861e-02,-1.463739676454035453e-04
1.631750271681561143e-02,5.803322343559427082e-03
2.888448459041095557e-03,1.013012889673884157e-02
-3.262483317421378121e-02,-1.079504790931805412e-04
8.062046222566574775e-04,-1.162812665360467117e-02
0.000000000000000000e+00,5.160572322179700008e-03
1.990122131448822732e-02,3.949508238629164183e-03
-1.247809229545327305e-03,1.020858716553605869e-02
-1.324119817206516336e-02,-9.940133930205342742e-04
2.617124913895697499e-02,-2.730727907540147700e-03
-4.316064685307402504e-03,8.821315194306674629e-03
-2.570018229846778371e-02,3.744022327173355744e-03
2.773219492591253322e-03,-5.903558543071270835e-03
1.030405413703728082e-02,5.703031958404816346e-03
3.659093042349708530e-02,-4.773827033887122835e-04
-4.725631043895570441e-03,7.082843225789051643e-03
-7.150116118004807078e-03,-5.956861725087792686e-03
-2.841451143903180390e-02,0.000000000000000000e+00
-7.168863960100840989e-03,7.628177850897570377e-04
2.778431595119748229e-02,-2.464556282486080226e-03
-3.520790996547493385e-04,1.009869870364422072e-02
-2.519404235949018050e-02,7.010474438426229178e-04
-6.599876055260759690e-03,-3.035601856976886340e-03
1.408382630956511337e-03,1.052504196460385399e-02
-8.071110030037874361e-03,-3.139006741124870849e-03
0.000000000000000000e+00,-8.738491012846818368e-03
7.161457773204194660e-03,8.622365526049301232e-03
-2.788371022571475150e-02,-8.341029441513211212e-04
-3.264011899920633147e-02,-1.641031070413934872e-04
3.475807041521668250e-02,-2.457726124763804894e-04
-6.953051010247400174e-03,-3.646788849950060186e-03
3.160600747256124554e-02,4.795030181443389432e-04
3.311668758793651079e-02,-1.303273093400836302e-03
-7.369184898884138107e-03,9.265561838056221924e-03
0.000000000000000000e+00,5.860027150568230050e-03
-2.500495120686884246e-02,-1.385582943917326466e-03
-3.501887919766043938e-02,6.095244082613378907e-04
2.753952555708877835e-03,8.161431993119990999e-03
2.157264071587658427e-02,3.324290276876439021e-03
-2.306493922582347408e-02,-1.893581424915258878e-03
4.741229049394995489e-03,-9.795720856347131175e-03
1.447766204165380072e-02,-7.426498920452459171e-03
-1.172939192092799579e-02,8.033635030750791578e-03
1.553622124663016010e-02,-7.332784417169286272e-03
3.527510268145577638e-02,0.000000000000000000e+00
-5.919111091995124529e-03,-6.449892427104193630e-03
-2.427358558177084968e-03,-8.124607462063450705e-03
2.679307617955575815e-02,7.502784433246723842e-04
1.756769278730405462e-02,-5.755326196406665949e-03
-1.342680529292142842e-02,-3.921464657511183026e-03
0.000000000000000000e+00,-8.191226090839637264e-03
-4.385796105211301442e-03,-7.699042406354628457e-03
0.000000000000000000e+00,1.039069236399448037e-02
1.749695955557670907e-02,4.512593019968935866e-03
-1.966853720630261804e-03,-8.025204883286842297e-03
3.555222795245040202e-02,-1.993308173092932733e-04
-1.521067813861312450e-02,4.168824643465178503e-03
1.138599016662366313e-02,-6.587279645836855921e-03
1.980417852671137457e-02,-6.019529437798177944e-03
-3.055703096730884999e-02,0.000000000000000000e+00
-3.167268525412325619e-02,-2.458176100257755074e-04
-1.296342183568185416e-03,-8.623499427391385919e-03
-5.162500402816744792e-03,9.655380988949479465e-03
-1.913273314769394981e-02,-3.010582946619437279e-03
3.280326378937409304e-03,9.923477234269076352e-03
-2.502529431197695123e-02,-1.321093265315472897e-03
-2.091154756359757047e-02,-1.665638532254519640e-03
4.971187986738050818e-03,9.872540665961840323e-03
0.000000000000000000e+00,-5.758483335816574206e-03
-9.195861948481539455e-03,3.648906798917899222e-03
6.808827534211542992e-03,-1.091971131339695977e-02
3.944593376695209458e-02,0.000000000000000000e+00
-2.897115017849457609e-03,1.017092070866351325e-02
2.182667933461790097e-02,-8.443297323845620674e-04
-1.456500271112640913e-03,-8.687764267387688977e-03
-2.907670540296449987e-02,0.000000000000000000e+00
-3.727648244049931031e-02,0.000000000000000000e+00
-2.481622477554806458e-02,2.930717876921744638e-03
-2.462482700077986073e-02,-1.446476273737019088e-03
1.934224551939299833e-02,-1.567949693024716946e-03
3.256434444114517102e-02,2.991269419751437018e-04
-6.712059785855714091e-03,-7.047551409157178613e-03
-2.183339097751056668e-03,-7.090311403446826477e-03
-1.273798702739112679e-02,0.000000000000000000e+00
-1.965334802563466210e-02,-8.292763161272560931e-04
0.000000000000000000e+00,-9.838248056221861326e-03
-3.039116787426061894e-02,-3.348396464065501099e-04
3.645772308847292087e-02,-2.371182555840882923e-05
9.174480347946521036e-03,-5.201838782712644993e-03
2.484878822086280387e-03,-9.932539489272383670e-03
-3.756016676313786440e-02,4.100701633785696883e-04
3.191287573192273797e-02,-1.732651021536839569e-03
-1.258806084545411111e-02,7.727757656004153805e-03
-2.504890947614076251e-03,4.346332640104156805e-03
1.745743271516985665e-03,1.022289324656331863e-02
0.000000000000000000e+00,-3.122222774054137645e-03
1.555506214389696523e-02,-8.514133908249617777e-04
-7.903040563374737551e-03,-6.502232723161690403e-03
8.451413256260656426e-03,8.437733668586480662e-03
3.056250055235603877e-02,-2.658398723117147942e-03
3.612361581072726091e-02,-5.340182032765370236e-04
3.111278662730523892e-02,-2.497196309696411015e-03
-2.850963461739638473e-03,4.800873378381933197e-04
-5.035731977226961566e-03,-7.086642892923336601e-03
3.444782513232981513e-02,0.000000000000000000e+00
7.011232928474766743e-03,3.381506159320945160e-03
3.726028539314581167e-02,-4.228266070210421083e-04
2.585583353859399747e-02,3.762650664252618600e-04
-5.337718759929669515e-03,6.385000484419397875e-03
-2.004947489502597463e-02,-1.260677215986406906e-03
0.000000000000000000e+00,-1.243002269634078429e-02
3.904126771323150613e-02,0.000000000000000000e+00
5.301073819409407410e-03,-1.121123755652019861e-02
2.370999352926944984e-02,3.101895969674776585e-03
-1.744656110392085258e-03,9.553285339466914550e-03
3.602629401637675449e-02,-2.593698183713740476e-04
-1.681128765803559244e-02,-3.043633545567710815e-03
8.419528997687131602e-03,3.902748377541704217e-03
-2.418170183133095882e-02,-1.596531067132500939e-03
8.987356150565334887e-04,-7.117664576713054157e-03
6.892372416781690015e-04,-8.759337424440407152e-03
2.769670129057387117e-02,8.744182961726118964e-04
-2.513269028715753566e-03,7.607590808358487798e-03
1.999083088769596298e-02,-2.299791667584735570e-03
1.162267716083297681e-02,6.952590630580494750e-03
0.000000000000000000e+00,7.483054858666336219e-03
-1.015887155699610189e-02,-2.081080940627193232e-03
2.876302636246861125e-02,9.230176396663215821e-04
0.000000000000000000e+00,-7.376092090662587572e-03
-6.650311871304628170e-03,-3.173853007520199658e-03
9.039691180457552419e-03,-9.527254052197845630e-03
-8.112580760947112057e-03,-5.727212236747075691e-03
0.000000000000000000e+00,6.899487705753810582e-03
0.000000000000000000e+00,-9.249599279424836409e-03
0.000000000000000000e+00,4.959539292017015391e-03
7.714916561628664196e-03,6.947588874778766119e-03
-2.473559987384247108e-02,3.835410549386822094e-03
-2.223158823815929094e-02,5.448407681345732168e-03
-2.351103688514383228e-02,-1.636481375443940654e-03
-2.480376244093264460e-02,2.271766709424862321e-03
3.019975318033587749e-02,1.691648187082318464e-04
7.900371909221293523e-03,8.348678759662863866e-03
-3.986117504820660927e-03,9.626026825716973295e-03
-2.507882713416050360e-02,3.424936389519260983e-03
-1.067594989310621974e-02,8.480575140806592693e-03
-2.897792950759792499e-02,1.936843773593962376e-04
-2.277439195628946922e-02,2.237627150030111877e-03
0.000000000000000000e+00,-5.115862449479858381e-03
-2.400039934170560690e-02,-6.759186883305822726e-04
2.888017877974227710e-03,1.018366894800965504e-02
1.543422027553951678e-02,-7.930083829289604966e-03
-3.589247016472257856e-02,7.904574588266926206e-04
2.254105251414992989e-02,-4.557500063783369131e-03
-2.105017647068816583e-02,5.530042446774906771e-03
8.570254864948168017e-03,3.613020139909504762e-03
-1.766669406695903308e-03,-6.349111275406680265e-03
-3.850075285702484612e-02,3.427719297233154400e-04
7.473790124240320409e-03,-1.025618403679054956e-02
-3.023987233788550180e-02,2.302382940866833506e-04
1.638789557404189516e-03,7.147420352672504730e-03
-1.753734419557149288e-02,2.673370196597883806e-03
-3.961670124639901647e-02,5.125913587409617944e-05
-2.212746869756067325e-02,3.105994652718860240e-03
-1.337932269000021400e-02,-4.255867170528421228e-03
6.610587595175308577e-03,-4.812826619253232976e-03
2.244272094433404779e-02,0.000000000000000000e+00
-2.988919511142848137e-02,-2.549941202661958517e-04
5.286290912836746209e-03,-6.699661056575997344e-03
-2.388184391174002271e-03,9.607611114708569308e-03
-1.628566655231163465e-02,3.171262532341933768e-03
1.146357984644291381e-02,-1.852231193094758255e-03
0.000000000000000000e+00,-8.312239302244381345e-03
5.921067856852780045e-03,7.206587888509556269e-03
-2.520577421512295094e-02,4.492214880808961808e-03
-1.320625834417218751e-02,8.036790987503433445e-03
-2.356860561061236911e-02,3.647689635910502173e-03
-9.661618755222844621e-03,-5.733420120778745868e-03
-3.068972344306267544e-02,-1.341887013047534565e-04
0.000000000000000000e+00,-8.813609412764242951e-03
-3.058958352178512211e-02,6.136889437817901697e-04
3.627734912719912663e-02,-5.095573840081952513e-04
2.127785491466531800e-02,3.733440210047763233e-03
-2.064575451886758659e-02,-2.355108946115142248e-03
3.377231854747967527e-02,-2.090220240357832976e-04
4.251221331377871664e-03,6.238270067938023883e-03
1.497375302518286384e-02,6.564792169046007944e-03
-1.311396838249383710e-02,1.993505655869694075e-03
0.000000000000000000e+00,7.285476642943820511e-03
-2.596567234317126785e-02,-1.089340473301902935e-03
-1.459739519120682207e-02,-1.639213743226432696e-03
-2.602250525548105084e-02,0.000000000000000000e+00
2.757947051253580007e-04,1.044449561122565498e-02
-6.584475260776673049e-03,9.303994500448884916e-03
0.000000000000000000e+00,-3.571743700518425005e-03
-7.434431241523076737e-03,-6.594457707083228523e-03
-1.489146555257601749e-02,-3.479779078199903269e-03
2.047481078766198379e-02,-1.721670439263707671e-03
-2.349534190558553656e-03,-8.189818936026039414e-03
4.845006215684575027e-03,-1.118127131219988878e-02
-2.147248768034130950e-02,-2.297097438881985122e-03
3.019198012420346022e-02,1.348170828372356484e-03
-2.461626925744449593e-02,-1.164517546270949595e-03
3.172261225343150394e-03,-8.919429491296449256e-03
-1.789922408389824082e-02,-3.312238664940282424e-03
-1.670196331121596295e-02,7.187775602117731956e-03
-1.547717577173941469e-02,-4.176636459997147208e-03
1.291624902632244713e-02,-5.999042463481078823e-04
-3.885866451801183244e-03,-7.832133378202515983e-03
-4.231143830441649184e-03,-7.338414661565957967e-03
-2.228962795665593005e-03,5.736264113999664342e-03
1.937261956882314895e-02,0.000000000000000000e+00
-6.888775081449961986e-03,-6.753621546811206140e-03
3.234053216009297183e-02,-7.613679766012309722e-04
-7.971194723835475088e-03,-5.526257866443895495e-03
8.814344911834321589e-03,4.473050796382471370e-03
-1.798518817180730020e-02,-3.285118565548143538e-03
3.002124550635255906e-02,-2.662910509007405772e-03
-2.728231564645823559e-02,2.374536736569705410e-03
-1.352788569283687806e-02,-4.567213751452707873e-03
-3.270811290202671473e-02,-1.949224849620200201e-04
1.200756419239230183e-02,-9.385983434464145736e-03
-6.215083208150796665e-03,-6.970704397393352909e-03
-1.707522771600696390e-02,-3.133206476638627364e-03
-2.932659361490252276e-02,7.798423122719004954e-04
1.488684351791142411e-02,6.956096159057064549e-03
-1.534933177684493985e-02,-3.921164498625744413e-03
1.703234796648876032e-02,-3.140003999410062238e-03
1.523339002525640230e-02,-1.010278836072755386e-03
-1.884037178419297257e-02,3.226657860239902711e-03
-8.269178140158123247e-03,-6.059288443044257011e-03
-2.500491979918987727e-04,-9.205426444357381680e-03
-2.394932342402700254e-02,-1.033044903555878878e-03
-2.273385399097813814e-02,0.000000000000000000e+00
3.404808171993876226e-02,-2.383523950390757217e-04
4.812161729837219869e-03,-1.080140197288569776e-02
9.258832162719287523e-03,8.438237842364665342e-03
-3.854795355001508494e-03,-6.002753722102658479e-03
2.314948401047606588e-02,-4.734364345636577973e-03
-1.416880927106015358e-03,9.804731444090121137e-03
3.942793761564798716e-02,0.000000000000000000e+00
-9.918193011691937844e-03,-5.190066426709819512e-03
2.876194896834213463e-02,0.000000000000000000e+00
-3.629738138429598054e-02,3.458431859316529701e-04
0.000000000000000000e+00,1.007909094758128662e-02
-1.239396038782503498e-02,2.712354366248886841e-03
9.606114967635710289e-04,-9.765691421191453198e-03
-1.116121069824230379e-02,4.114560313645129579e-03
1.817173752975793227e-02,9.624110613826419554e-04
-2.091530447916491869e-02,7.085915937826796612e-04
-2.319944624127701083e-02,5.204412906605671886e-03
2.959369553900249167e-02,7.372515513475950402e-04
6.495481886090357336e-03,-3.560889240352430041e-03
-3.075143731370440919e-02,0.000000000000000000e+00
-3.243040066850409742e-03,-6.641543765252664808e-03
-2.740142825067222801e-02,7.724708143797344743e-04
0.000000000000000000e+00,-5.804408232956939813e-03
-2.424479448981748178e-02,-1.205978070174524306e-03
-7.884977887602707958e-03,-6.379336892388606794e-03
-1.823042571264700887e-02,6.496825095457783514e-03
-3.524162493394772389e-02,3.041130184210766489e-05
1.061072245149527341e-03,1.034070161024236607e-02
2.101991038279233531e-02,7.334068477185677918e-04
-2.231449806958916982e-02,5.527413846290085871e-03
9.756044757635966291e-03,-9.498633796485104683e-03
-8.252154198834498605e-03,6.336926280981106108e-03
1.082773992730371067e-02,2.456382425382711270e-03
-3.711106908389181364e-02,9.526545330259680259e-04
1.652837016528169514e-02,-3.624343978450796869e-03
-3.935491000717988158e-02,2.225614400245053571e-04
-1.664989584071056156e-02,-3.071089362420554008e-03
-2.452089300764178151e-02,0.000000000000000000e+00
1.686109059261818241e-02,6.149252009017379741e-03
8.915973536949187150e-03,6.848720945198310227e-03
-3.137838859552279092e-02,2.219232573972564158e-03
1.075144362049140767e-02,-9.145046596857119708e-03
2.438821736043445335e-02,1.332650179844707813e-03
9.054749309040080810e-03,7.559608829614971985e-03
-5.097686312116504227e-03,-7.431955062732979039e-03
-1.974368543187843619e-02,0.000000000000000000e+00
-1.946607317915639715e-03,1.002654955472275823e-02
-2.207790500902071656e-02,-1.185515124696784849e-03
-1.787311548272919231e-03,-8.521601461814510420e-03
2.275977788777520938e-02,2.291339462978168699e-03
-1.834276110358574324e-02,2.519973517172881348e-03
5.373546594941817044e-03,6.473151900400767739e-03
9.376996058297483450e-03,2.532796518042967817e-03
-2.341523705820235460e-03,-7.814860949256754660e-03
1.191704119886163177e-02,7.957612832040149645e-03
2.828720918426862185e-02,0.000000000000000000e+00
2.973093473503015879e-02,-2.864902812357566532e-03
-2.067816392632442662e-04,1.046458263127483627e-02
-1.654696816211316535e-02,-6.445569824326472918e-04
8.061285817324907038e-03,6.494198005838332927e-03
-1.584777637541579659e-02,-3.850144550017965423e-03
3.770886041858524662e-02,0.000000000000000000e+00
-2.471028016293246032e-02,3.616560748499815514e-03
-2.092386691915108787e-02,0.000000000000000000e+00
-2.669230723913970302e-02,-7.592141530560532090e-04
-1.600595213295276723e-02,-9.590362673241420140e-04
7.616006612397032208e-03,-8.785709433253316089e-03
0.000000000000000000e+00,1.022598432631176280e-02
-1.132225654873849491e-02,-4.993795285957923664e-03
2.964326237248108425e-02,-8.125579948293154900e-04
7.389915129566839401e-03,-4.402231713685408020e-03
-8.017759827539020986e-03,-6.043186872688662524e-03
0.000000000000000000e+00,1.048294958965863451e-02
-1.861062570871443306e-02,-3.153959232412421355e-03
-2.833697108210663992e-02,-7.401898868091631419e-04
-1.949744239815475941e-02,2.156204240802347353e-03
-1.583243075099560748e-02,3.412760449262431869e-03
1.482653934277429822e-02,4.623187451128854715e-03
3.045224683322316720e-03,-1.080188219040640468e-02
1.359218367090405701e-02,6.485556706688896597e-03
-3.920322069357719957e-02,1.852703841107449943e-04
1.168251094435386736e-03,1.045096119958288140e-02
-7.975440984504516412e-03,-6.016136649376956774e-03
-1.222478157376108605e-02,6.070309464618035312e-03
1.780329610054053741e-02,0.000000000000000000e+00
1.432805973986000375e-02,1.584791625994248733e-03
-1.077941464333092431e-02,-5.816976650145854431e-03
2.301654407677979769e-02,-3.390470689739939671e-03
-1.563321242707435901e-02,-1.789396020194781349e-03
-3.681638862569000265e-03,1.004666624320861741e-02
2.462079190095655887e-02,2.938230543323357667e-03
3.347289233499530642e-02,1.787508879990430937e-04
-2.264794706365617569e-02,-4.940992613084216377e-04
2.899660283459414359e-02,-2.482315175360602904e-03
2.402087323488776710e-02,-2.510392981390894510e-03
9.204107802129121371e-03,-9.171884302578703352e-03
-1.859309005211606802e-02,0.000000000000000000e+00
0.000000000000000000e+00,-7.085426171543873428e-03
9.749669415945669271e-03,3.451836649436270180e-03
4.822765819029255566e-03,-1.087143978162327662e-02
-2.246160131031064294e-02,-9.273695372535410708e-04
6.357624998403027007e-03,5.076804337434005082e-03
1.325918290150916376e-02,4.858805785641472780e-03
5.898661821410896254e-03,-6.638486608663798916e-03
3.361838617048656247e-02,7.092924460337557044e-05
2.356864530084870971e-02,-5.607665662504255841e-03
-6.947810216025285777e-03,-6.852496471972661929e-03
-3.158919047511985628e-02,-2.771672853105059450e-04
-1.106584648003881149e-02,8.814440613695741569e-03
-2.562724771823782569e-02,-1.170674948842379904e-03
-8.699415155261198268e-03,-5.181348904438280029e-03
-3.556181346325341247e-02,5.497901718924688794e-04
1.802118798597991895e-03,-7.683043365310220953e-03
-1.182184424422920085e-02,-2.816780351683129732e-03
3.066807174524157839e-02,-8.886223537030475813e-04
-1.371857661518208031e-03,1.021526965981665869e-02
2.508074500054393620e-03,7.044693203968644367e-03
2.923628235164036845e-02,-1.064391849896751373e-04
3.450496045747458718e-02,-1.297132415143122022e-03
3.359403445162124219e-02,0.000000000000000000e+00
1.988181975668171925e-02,1.794526569287233954e-03
0.000000000000000000e+00,-9.189175478695887564e-03
2.012657513815157076e-02,1.479342440753117407e-03
-3.987657129995050669e-03,-6.011096507273778165e-03
-9.682077094516208099e-03,9.138310324978287519e-03
-9.888210363850753054e-03,5.814497133323728861e-03
-1.302375044801357823e-02,6.729973080999894497e-03
0.000000000000000000e+00,-2.384327418387489959e-04
3.560229813213540428e-02,0.000000000000000000e+00
-6.803319013149538262e-03,-4.521804957670441140e-03
-3.409523760727326425e-03,-6.984577918127565788e-03
8.982338747325055439e-03,8.799724618716822655e-03
-2.143414038154307574e-03,-8.348745892194262344e-03
3.352114404942534848e-02,1.073560563886115740e-04
5.023869415927958992e-03,8.778741372489398329e-03
3.598764815471141437e-02,0.000000000000000000e+00
3.531937170945156912e-02,-4.626033495055281047e-04
-1.534601075863909446e-02,7.356864046954551643e-03
-1.670526697828342635e-02,6.930093211487535834e-03
2.010738646478629765e-02,2.642913793941421060e-03
-6.925120611054084822e-03,-2.778331191286427873e-03
1.546613615728989477e-02,-7.773635969572319226e-03
3.745408254225624650e-02,0.000000000000000000e+00
-5.030498448208912260e-03,-6.276985525378490395e-03
8.681560836836675968e-03,8.537657262698734872e-03
2.018234948331087616e-02,4.535960265085006368e-03
-1.990957981171861263e-02,-5.883018865347026949e-04
-1.649891536723328139e-02,-2.906979710680902655e-03
-9.796457103639686845e-03,8.991405296512043274e-03
8.789298783130969003e-03,-8.321861721584507265e-03
2.571612546606122374e-02,-4.488328383945519237e-03
1.218262842641683504e-02,-1.316522370396456436e-03
-3.249664835744583979e-02,3.135776379250794564e-04
-8.097750484129608711e-03,6.635176339834304368e-03
1.743524801041941227e-02,0.000000000000000000e+00
-3.270257295773765921e-02,2.004986144746298115e-03
3.988818599996304254e-03,1.005401269482045744e-02
2.709577684608661594e-02,0.000000000000000000e+00
2.335651455196580129e-02,2.087951702465700408e-03
1.400024166848581712e-02,-1.600565678981063838e-03
-6.911322879694271545e-03,-6.944186899899238222e-03
2.325532540108670235e-02,-2.636214811450426389e-03
2.059669490222314214e-02,-6.888860431754761406e-03
1.084034485692080864e-02,-8.730583412053774875e-03
1.475909689866512949e-02,-4.347517244943300413e-03
7.412025677456358409e-03,-6.854022952135358816e-03
-1.175078426685536442e-02,-5.147268050093600257e-03
4.354367512489783730e-03,7.093894893173999933e-03
1.565328494856789432e-02,6.824832214066023015e-03
-8.565721544335266197e-03,-5.503352938068766312e-03
-1.550207708034969344e-02,-4.152744749499691357e-03
2.576748149581084210e-02,0.000000000000000000e+00
-4.154200584926463768e-02,0.000000000000000000e+00
0.000000000000000000e+00,-1.067532452040952616e-02
7.988038344823002873e-03,6.456786061678183343e-03
1.020449585366700607e-02,8.498120812648802050e-03
2.050431369844653295e-02,-5.204234217472990861e-04
3.213297049597308580e-02,2.638030666450449598e-04
2.565628676704575107e-03,-1.047300622833869516e-02
-9.354322035793487949e-03,-4.821219478027470758e-03
3.607288497508090008e-03,1.010370638094683186e-02
-1.137891344694604012e-02,-4.478676192000154502e-03
-3.000867906946014935e-02,-4.866584109548706123e-04
-1.007818324791802389e-02,-2.843828083642229061e-03
-2.053908440292569887e-02,-8.997247013652505659e-04
1.047196501083761007e-02,-2.764224698154761888e-03
1.042267369293018581e-02,8.454288272585071609e-03
1.485895124126919344e-03,1.029064496751887214e-02
-3.940147396470924240e-02,6.447533288385492978e-05
0.000000000000000000e+00,-7.048990181960320713e-03
1.401487727545365491e-02,1.333188660330168708e-03
0.000000000000000000e+00,-7.520400644533313007e-03
-1.649979257447691319e-02,-3.874413351342482180e-03
1.117139568393691641e-02,6.873214378991405853e-03
-2.583945930321393178e-02,-1.183797951459222928e-03
9.782379025080100224e-03,5.926905145300045974e-03
2.974925782019426784e-02,1.306761313432631445e-03
-6.257654519763878719e-04,-8.932585590495834352e-03
-4.881756118016162063e-03,-3.675421650275278833e-03
-6.573557063475118228e-03,6.321242065291667392e-03
3.492763173250284375e-02,0.000000000000000000e+00
2.707268883549569446e-02,2.099566971841888841e-03
-2.416192179788665892e-03,1.003082307504537217e-02
1.098524394385446551e-02,3.452095109243459407e-03
2.781079949452323202e-02,2.091376165813664219e-04
3.392693929919694817e-02,3.395955029842746636e-04
2.771093350622163068e-02,-3.412969374818888239e-03
1.502213756223197416e-02,-8.190469439703773960e-03
2.045005197352237070e-02,-2.370121645040020736e-03
-3.203762403998379211e-03,7.546802010172375119e-03
3.346525343261089885e-02,-5.716829869777115877e-04
2.286860239361873659e-02,0.000000000000000000e+00
-2.006893617669061256e-02,5.760506911701230442e-03
1.407958414941707856e-02,1.706391875016587210e-03
-2.234215869731300333e-02,0.000000000000000000e+00
-3.023042729380703147e-02,-4.624834455103804553e-04
-1.042983225576061060e-02,-5.761036176537513535e-03
-1.404908573725056897e-02,1.182415486913163030e-03
-1.596174558233847546e-02,0.000000000000000000e+00
6.310283995544002135e-03,5.812474135366432239e-03
8.794473665779704505e-03,-9.446705879156670760e-03
3.304670402378302556e-03,9.808047916687479689e-03
0.000000000000000000e+00,9.967645413538610277e-03
0.000000000000000000e+00,-7.315902074238690711e-03
-2.658317754936020960e-02,0.000000000000000000e+00
8.206644104977706133e-03,-5.435254110788141288e-03
0.000000000000000000e+00,1.054949672767230978e-02
-1.249329100103489625e-02,0.000000000000000000e+00
-3.317020285875225266e-02,6.752270883928161022e-04
-1.679242455275151147e-02,7.270532365636951395e-04
-3.836675310100034954e-03,9.529093637520391277e-03
4.384488451850182024e-03,-5.149302001370171904e-03
1.798896582092214189e-02,5.519225777195861486e-03
-1.333515294173154286e-02,7.868062365981776454e-03
9.550877688041234381e-03,-5.477168369873763702e-03
-1.719515752069437561e-02,-6.700197754531595808e-04
-3.232026049093054271e-02,-1.713945468444992137e-04
8.980262026901187147e-03,-9.666496921910983434e-03
1.293912504861657528e-02,-7.630325593130896263e-03
-6.518312122361362426e-03,-6.838800889529488176e-03
-1.612916190463560898e-02,-2.649682379272043017e-03
2.103091517635522628e-03,-8.318685915230425443e-03
-2.617258650872840344e-03,-3.938065425812957952e-03
1.329226501124840384e-03,-6.264144663609827815e-03
-1.046971824130560509e-02,4.657346382956570677e-03
-1.304657360179838251e-02,8.084578653757411304e-03
2.478813764456519117e-02,3.002712923084097270e-03
3.270084379070318376e-02,1.310881793813709658e-04
-1.563871113016083308e-02,-4.197017724431540732e-03
1.232074725836432294e-02,0.000000000000000000e+00
3.237098019187456630e-03,-6.018865205497462775e-03
0.000000000000000000e+00,-7.112538520359931206e-03
3.789152152411675439e-02,-1.689223478604384590e-04
-1.844347651234751542e-02,-2.856932676827608243e-03
-3.837960027672214416e-03,4.002228324098735732e-03
-1.818486716462166392e-02,6.364422452514073743e-04
2.864008170646065166e-02,-2.518157893495608698e-03
1.831745625766527732e-02,1.495768537598759964e-03
-1.136741897416587016e-02,3.476125417201269673e-03
1.985754211267855285e-02,0.000000000000000000e+00
2.902466461348486224e-02,-6.480954086698789782e-04
-3.192107858131583605e-03,-5.819240314295859133e-03
0.000000000000000000e+00,-8.774170530539400145e-03
2.962159291323757104e-02,5.772138392323340490e-04
-1.527043156900810550e-02,-1.855381107377236140e-03
2.832850056053626275e-02,1.772573119183500252e-03
9.517636905161446989e-03,-3.450012013176669955e-03
9.575746222080235709e-03,8.613392776323131744e-03
6.558458852136981286e-03,-1.056257818584930425e-02
-2.288137398242414897e-02,4.680079272358068573e-03
3.428325031170947890e-02,3.182088175141548959e-04
2.729932412067931358e-02,0.000000000000000000e+00
-8.079585900723640010e-03,-6.576122351354669535e-03
-9.526606049624309833e-03,-2.204844447129253836e-03
-2.633447471391619707e-02,1.267912667747297939e-03
3.377371407041250551e-02,1.004245218229506804e-04
1.076061384539213003e-02,4.535714906670451109e-03
1.187140155108814578e-02,7.981118990007534872e-03
3.498194072627013040e-02,6.215540237691591591e-05
-6.442870871845334489e-03,9.708829072673548152e-03
-2.418510451844909509e-02,0.000000000000000000e+00
-6.217898322162962454e-03,-7.046286815450299862e-03
-3.921631784330075789e-03,7.094439590332260633e-03
8.069106652140360311e-03,-5.563246104447891298e-03
-1.995860534575715980e-02,6.265037424695626966e-03
-2.658517868538049292e-02,-5.392463725156477301e-04
1.264326932232165586e-02,6.306947629730220040e-04
2.410714377612931808e-02,-4.993810197679190294e-03
3.104621464467432947e-03,-9.500826651938248588e-03
-1.167000778005414414e-02,8.601696601962074626e-03
-3.967898929215674976e-03,1.014070714522168938e-02
6.240828234830724007e-04,-9.835058675876844764e-03
-2.735561180295870837e-02,1.825062499313101407e-03
-5.049275008418515655e-04,-9.075505347978159512e-03
-1.334849287456716001e-02,0.000000000000000000e+00
-3.268444132704493438e-02,1.859233876651277895e-03
1.390115313543964330e-02,0.000000000000000000e+00
-2.060094244762043433e-02,0.000000000000000000e+00
5.580877023140619342e-03,-9.622443657699260994e-03
0.000000000000000000e+00,-4.700871849591131517e-03
-2.712324537755559165e-03,7.812109537714834705e-03
-1.103155082956221340e-02,-4.470309046329995831e-03
-1.848594394870220481e-02,-2.777098593707521493e-03
2.617460579344081315e-02,6.487999023270989239e-04
1.318679623106734991e-02,1.422563572030176651e-03
2.265385658611735950e-02,4.041389016225312159e-03
9.756550444336270153e-03,-8.888448226524757467e-03
3.555778041369322268e-02,-5.449444358440299263e-04
2.912596255799440592e-02,-5.566600803833496617e-04
-1.795386947044289375e-02,-5.718953221364160653e-04
1.419018160192680837e-02,-4.306274652707275073e-03
-1.798155377751426906e-02,-2.703942416686008158e-03
-6.480270197216534550e-03,-3.871992723363187807e-03
-2.506472061193869283e-02,-1.382089336875502294e-03
2.645353709388980831e-02,0.000000000000000000e+00
3.439623981683751636e-02,1.015827510968507486e-04
2.772564429086542270e-02,-3.469141567231189775e-03
3.977875025987716827e-03,-6.526154883093704222e-03
2.783397019949349765e-02,8.536048281680128948e-04
-1.057128226420931717e-02,-3.823805934344421710e-03
2.231245495522466912e-02,-4.889989493228880449e-03
2.249647395398564342e-02,9.517101671058511092e-04
1.430089660409331921e-02,7.318023994991950699e-03
0.000000000000000000e+00,1.052701734682251651e-02
-1.302195888129048344e-02,3.447225892768433775e-03
-5.907419794738096204e-03,-4.961609703158243075e-03
-2.014317216180162851e-02,2.425059813531315472e-03
-6.679877410096231143e-03,9.631956155391687910e-03
7.559066826793831018e-03,-4.482563799178338262e-03
-3.657497618705712536e-03,-7.883153301233089202e-03
-3.874956475904731135e-02,7.439409864789713544e-05
-8.802681874455646482e-03,2.932715239904848392e-03
6.444059122206248838e-03,-7.219696332415878950e-03
2.384187384883557081e-02,-3.646162615249148604e-03
0.000000000000000000e+00,2.551316991387712896e-03
0.000000000000000000e+00,1.019642298118396927e-02
4.602486846086818913e-03,-1.019784001366295413e-02
-4.687280977047261071e-03,-7.175569146932984574e-03
-1.365622429484416450e-02,-2.308943851217712135e-03
-4.443898538069339030e-03,9.893913232035625796e-03
0.000000000000000000e+00,6.971704571755758632e-03
-1.559700604976310169e-02,4.647695503225123329e-03
2.378171537784249528e-02,-4.203075059691473029e-04
-1.258561900352432421e-02,-2.419930034395322352e-03
1.406771888956899648e-02,5.271611243393071154e-03
-2.915029521819486897e-03,9.720856121996523935e-03
-1.959487940223185801e-02,-2.640611568969909555e-03
-2.324484858118674308e-02,-2.018439926461449406e-04
6.870565001670647480e-03,9.432732376637107882e-03
3.829080179873840546e-03,6.795069780880303931e-03
3.516323610343262407e-02,0.000000000000000000e+00
2.406929222813954453e-02,-5.938374662579623065e-04
-2.992017299354029700e-02,-4.307009897593136309e-04
3.579220826907168057e-02,-2.661440172121565641e-04
1.551983409746214571e-02,-8.609682712752315947e-03
-1.744139598380980982e-02,6.389805607288847819e-03
1.538351491895640320e-02,-8.561472766083747313e-03
-9.002152201260641209e-03,7.134860113419589506e-03
1.888699700035977383e-02,4.173149168557381723e-03
2.417882114868735027e-02,9.951030319559363811e-04
4.654784836952200605e-03,9.894806402404712764e-03
3.736164437690264826e-03,8.890166508826999325e-03
1.132485316337750528e-02,-9.215682824351869099e-03
-9.408772715584217891e-03,9.135524418082794848e-03
-3.084988524382012084e-02,-1.499122259268566607e-04
-2.060092621676145458e-02,1.986183257975351456e-03
3.321437135045879341e-02,0.000000000000000000e+00
1.457934269617000740e-02,2.287583537812945805e-03
-3.851906957926944357e-03,-5.614455639241068899e-03
0.000000000000000000e+00,-1.132491741117476990e-02
-1.575402916956541652e-02,6.620228573715197448e-03
1.761989730390059808e-02,-1.617904228899950513e-03
-5.620950238895939047e-03,9.908138435559680698e-03
-1.568706025814242330e-02,-2.922279234125212122e-03
-2.376963635901971350e-02,2.885242570351373437e-03
-2.099972510795132877e-02,2.699236616836489262e-03
-3.164050224991821897e-02,0.000000000000000000e+00
-2.216266638255786139e-02,-1.422423729856498722e-03
-1.915208187735572762e-02,-6.765925522266760112e-04
3.020273914943864130e-02,-1.328871991315168540e-03
1.555589565179699933e-03,5.100839114043684459e-03
-1.015750028080875805e-02,-3.909911092142664447e-03
3.949317457859684299e-02,0.000000000000000000e+00
3.388362593851213227e-03,-6.314633552062583199e-03
-4.855450549611681991e-04,1.040498068176416539e-02
6.204312943223530118e-04,-1.020157291799270345e-02
-1.968828452861369482e-02,-2.681555047844680004e-03
-2.160923576805078364e-02,-4.390799072277357410e-04
-3.099913483348921278e-02,1.826157048968860453e-04
1.836339922454940238e-02,2.996490115375680455e-03
9.608665239802057292e-03,-7.852590008448664949e-03
3.010328916320189480e-02,1.079939457679696905e-03
-4.279824538238826553e-03,9.226700716357210535e-03
3.927875547196296030e-02,0.000000000000000000e+00
1.567062195973844716e-03,-8.728399091484151384e-03
-2.272282533554165901e-02,-1.720845699523122080e-03
-1.709836339303197339e-02,-3.377881383629250875e-03
2.132137564033783142e-02,-4.030577886617637412e-03
-3.836704565294495051e-02,2.079081403667112850e-04
-1.797288635643956925e-02,3.013378473120936242e-03
-1.059389674661615800e-02,-4.046927875881446875e-03
3.189085414866273636e-03,5.646821651964071924e-03
3.220196083699183864e-02,0.000000000000000000e+00
4.019389190247903837e-02,0.000000000000000000e+00
-5.374846196009687611e-03,-6.755243779829998504e-03
-1.832393155497756554e-02,-2.921839254283811749e-03
-3.244315392300472708e-03,-8.052143725541208163e-03
2.652354407086411625e-02,-4.178797772650931670e-03
2.016050763566562543e-02,3.378756746378903681e-03
-3.307370764309210120e-02,3.000297921463327376e-04
-1.964592716518433896e-02,-2.722573040079228832e-03
-5.539510585118391549e-04,-8.241352958551396643e-03
7.245900013887825349e-03,-8.655878161090969219e-03
-1.460607613719650325e-02,-4.125631732765166516e-03
3.228490836424448979e-02,0.000000000000000000e+00
6.330464281942713156e-03,-7.221200846273095539e-03
-2.411340170798265126e-02,0.000000000000000000e+00
-4.149342639016007084e-03,9.327928495768397776e-03
-2.530607183055879738e-03,1.026522783388012297e-02
-3.212668448694228768e-02,1.119194324789721381e-03
3.631261133248528394e-02,-1.000893454877394202e-04
3.423512070971330284e-02,1.351519985670297580e-04
-1.369517736714507584e-02,0.000000000000000000e+00
-1.704214967420845592e-03,9.885939195700400167e-03
7.667389488076874204e-03,7.514028839232446411e-03
9.055829005783585031e-03,-3.952055565669410943e-03
-7.775751293088887378e-03,8.150950298155582377e-03
2.147282723991952511e-02,5.740434457678814757e-04
0.000000000000000000e+00,-2.763812289802033539e-03
-2.685416465933147118e-02,-8.377473529252184694e-04
3.529387378055637292e-02,0.000000000000000000e+00
-1.724677085833906109e-02,6.767361420383533922e-03
-6.121917623026175079e-03,9.735566945236584502e-03
3.360363282938766925e-03,1.012574286488827219e-02
0.000000000000000000e+00,-9.669398374552188799e-03
2.483214774265015204e-02,-1.632975794916506802e-03
-1.269528000289781543e-02,-2.703169720308181215e-03
-1.294068305716354790e-02,-4.515812280951951932e-03
-2.666317588858620798e-03,8.428959581903183382e-03
-9.730160139717785803e-03,2.493282451732709275e-03
2.484214452628407538e-02,-3.663179671769614242e-03
0.000000000000000000e+00,1.023423435467792769e-02
-4.060439650104304132e-02,0.000000000000000000e+00
1.152391469949714913e-02,8.090008730536148163e-03
1.439885037051664377e-03,7.809428966268632151e-03
-4.128613063313148895e-02,0.000000000000000000e+00
3.844839735125141905e-02,-1.969156678645563908e-04
3.500797067670680107e-02,0.000000000000000000e+00
-2.797259464990612884e-02,-4.172657152680135976e-04
-1.534958214655212337e-03,-8.146780968606860684e-03
-3.016298770436050963e-02,0.000000000000000000e+00
-2.753225267130255532e-02,2.116277712800288587e-03
1.837272979683357566e-02,4.545542864058260560e-04
-9.123150599952839154e-03,3.030500360143500733e-03
-1.606375856935491264e-03,-7.237532833011612460e-03
9.093408617515353828e-03,-8.217477517387493033e-03
2.010652005609149182e-02,3.214349277330659765e-03
1.432623911876617848e-02,1.517620935479070416e-03
-9.278196661902247261e-03,-6.269281212678022575e-03
-1.947979741856570648e-02,-6.403574889209062921e-04
5.177486263671327200e-03,-1.020338081222398573e-02
1.066993201299592554e-02,-2.967604092745831836e-03
-3.185796531510420859e-02,0.000000000000000000e+00
-1.962621281322897773e-02,-2.862093716848726661e-03
0.000000000000000000e+00,-4.856379233346973766e-03
-1.806258140801454345e-02,1.552819657890755749e-03
4.583043343363514023e-03,1.002232603296838304e-02
0.000000000000000000e+00,4.424555166047834491e-03
3.674128675841285135e-02,-4.485050233158457576e-04
-1.013456938819466864e-02,5.547063837826448490e-03
-7.090837664810608482e-03,-6.228363293124104631e-03
8.012079718093485792e-03,8.104998522535357408e-03
-1.210915008955310707e-02,8.182928848134485289e-03
1.016905447821554731e-02,-6.996790988020372241e-03
-8.401354303600753679e-04,1.027459367648933530e-02
-4.649049755208372985e-03,-4.816193795262862370e-03
-1.005808632784154812e-02,-5.595029840856309555e-03
9.175090000566932247e-03,3.242137036852757795e-03
-1.264916140381285199e-02,8.394915315152635948e-03
6.759749009247337063e-03,-7.478828760290693115e-03
-9.254264056750718601e-03,-1.779088007654967222e-03
2.059738499534197534e-02,3.443696646530593382e-03
3.802948784707804730e-02,-9.390798158363999274e-05
4.942690266083313820e-03,-6.772202822593923269e-03
2.447589668831593596e-02,-2.386742394826820400e-03
-2.961485621702875104e-02,1.497612170570809809e-03
3.008520790933114780e-02,1.128605578457489780e-03
3.154731246998362243e-02,6.770901187898634545e-04
-2.685748152436051930e-02,4.018611777162194032e-03
3.077660693422773833e-02,-1.170891444130311813e-03
-8.941013503486677089e-03,-6.270083277704887811e-03
2.336162311700551095e-02,-5.700465537040225704e-03
2.952641660658007067e-02,1.122970753489539904e-03
1.956433973618890501e-02,7.070905110666541194e-04
2.625505714996545503e-02,-3.203880181968103008e-03
2.153505267865969686e-02,-2.853339140863385501e-03
-2.314431657515844329e-02,-5.068234298311689173e-04
3.305801858419804562e-02,0.000000000000000000e+00
-3.489805583451364990e-02,1.489689916618484660e-03
-2.119691068369185943e-02,-2.398222483233468632e-03
1.995410193990348677e-02,4.735714666263169878e-03
0.000000000000000000e+00,-8.458840110995822364e-03
1.826563692206667824e-02,-7.923380332925932532e-04
-1.419390682639361939e-02,-1.286089407902352546e-03
7.759818897368117238e-03,-9.790578886857737723e-03
8.523935190688253227e-03,-7.024339031079866215e-03
-2.586723230184675287e-02,2.863421288659004035e-04
-4.154612400064438410e-02,0.000000000000000000e+00
0.000000000000000000e+00,-1.162884536518085481e-02
-3.159550073653696195e-02,4.681806864648846715e-04
1.812808477438962104e-02,5.426574025775295074e-03
3.214446204336137564e-03,-6.372919464930036637e-03
5.639540852256482578e-03,8.318956994227338225e-03
-6.581835971585707143e-03,-6.456542345653042657e-03
0.000000000000000000e+00,1.053536609637676681e-02
2.507044453727379392e-03,1.011571875237774615e-02
1.400682688398479855e-02,6.602762020223669828e-03
3.220635121906369192e-02,3.243141829291577415e-04
-7.764177963408586992e-03,8.971634265372676123e-03
-5.644059516325368626e-03,-7.357998430385131322e-03
3.409344465264017854e-02,0.000000000000000000e+00
-2.666334516042448161e-03,-5.788049463887850847e-03
3.062289043059772051e-02,-6.704454230041861310e-04
0.000000000000000000e+00,1.066750912704143330e-02
8.490657909589600233e-03,3.966266158670936175e-03
9.722787551362473135e-03,8.591850634695093192e-03
2.488116233284912507e-03,1.037716188567871546e-02
1.008930426245763928e-02,-8.063045232296357084e-03
-9.311276301748968101e-03,-6.219728604943195252e-03
0.000000000000000000e+00,1.028369826871988052e-02
-3.597224263905159092e-02,3.938113815987706362e-04
2.158578319578803931e-02,-3.954198775965189587e-03
2.253283714589085149e-02,0.000000000000000000e+00
-2.435012394033423365e-03,9.275268826108734946e-03
-1.272559881732431182e-02,1.816642476784169260e-03
-3.178849579575259571e-02,2.280707349879104728e-03
6.232981902990874200e-03,-6.421893264005157712e-03
4.092766775186359313e-02,0.000000000000000000e+00
1.080732186797800712e-02,2.138426315035828716e-03
7.905471355672839123e-03,-7.692239122605026846e-03
-2.991779835848131994e-02,5.854230614898527692e-04
2.490978602741636058e-02,1.429756341951940847e-03
-2.462061335357695196e-02,2.012467578076017598e-03
-9.923964492285356539e-04,1.035914144257140540e-02
-2.370038738878268644e-02,-2.838560511253629230e-04
-1.651301383924594704e-02,0.000000000000000000e+00
-2.714856332330823317e-03,-7.816527515175804991e-03
-1.826473981232263830e-02,1.388082028735128761e-03
2.493358665897599594e-02,-5.044493400132047008e-03
-1.484968466873339346e-02,-4.462266992503912712e-03
-1.180302636456462273e-02,7.164869098953314218e-03
1.779291187624185491e-02,0.000000000000000000e+00
-3.247353654280653659e-03,-5.904441739246132047e-03
1.321669858678871899e-02,7.431846277976457589e-03
4.048465429847167632e-03,9.451609039250775945e-03
1.945272015462320286e-02,-3.170426264789460383e-03
2.026948047986097678e-02,1.575827317029297476e-03
-3.633854070127148089e-02,6.372350955052371755e-04
-1.612063365539767243e-02,5.941284166186773345e-03
2.847060837221009402e-02,1.490637317861128212e-03
-1.166302016306684092e-02,-5.141782077255433077e-03
-2.165036964892954555e-03,-6.989568361918974647e-03
-3.267731925273086729e-02,0.000000000000000000e+00
-1.298190785997404943e-02,1.015106062898743256e-04
2.366289730489438969e-02,3.406992743564133622e-03
-3.430919839943914491e-03,-7.943102518095603373e-03
-3.020344531360164356e-02,-1.569348639603688350e-04
3.644787391439629348e-02,-1.214848047893591552e-04
1.283149983249513848e-02,3.706810166011528795e-03
-4.911685563813333530e-03,6.749646818389505240e-03
0.000000000000000000e+00,-1.163733972058862524e-02
-1.537523394899313264e-02,-2.952395175887378466e-03
-2.125987550717500091e-02,-9.698752386317837466e-04
-6.253990774322237801e-05,-9.303956263636491489e-03
7.607256104697197700e-03,4.189673041317580095e-03
-2.366664106162966533e-02,4.964850853584174516e-03
-1.931975124501172925e-02,5.247136961965585648e-03
2.764251550856312856e-02,-5.452406179599511181e-04
9.258999897599741674e-04,9.943563624478922447e-03
2.796241588367436373e-02,-2.653900407355358915e-03
-2.577702909654213878e-02,-1.057631436630304895e-03
9.642357403290472253e-04,1.022813904749766099e-02
-5.350585884949492742e-03,-6.270161113734289138e-03
2.757419915368643226e-02,-2.060204199606147524e-03
1.183735051055517275e-02,-1.196228806794623215e-03
-3.231901213505883330e-02,0.000000000000000000e+00
2.340392520053443878e-02,4.680998615875898257e-04
-2.373593233442538100e-02,-9.620443489964758225e-04
-2.161575900747626094e-02,4.596441710445447852e-03
-2.625874321797311978e-02,2.269500568599190551e-03
2.008786130009504456e-02,0.000000000000000000e+00
-9.544207904149658653e-03,-6.027270968255943676e-03
2.365503969863703287e-02,-5.593396327081450077e-03
-1.978807076114974875e-02,7.877830894794450286e-04
3.944279557106313006e-02,0.000000000000000000e+00
-1.375296800865828326e-02,-1.574122270465152997e-04
-5.281030460960392395e-04,-8.995902862011250639e-03
-2.517147481231087405e-02,-1.358371833295327416e-03
